code,wunsch1,wunsch2,wunsch3,wunsch4,wunsch5
CODE001,Ultimate Frisbee,Mini Quiz-Show,Selbstverteidigung,Batiken,JuHu – Challenge
CODE002,Bloom it yourself - kreatives Nähen von Hand,Mini Quiz-Show,Schauspiel,JuHu – Challenge,Spiel & Spaß Olympiade
CODE003,JuHu – Challenge,Graffiti,Mini Quiz-Show,Schauspiel,Spoken Word
CODE004,Ultimate Frisbee,HipHop Tanzworkshop,Social Media,Mini Quiz-Show,Batiken
CODE005,JuHu – Challenge,Social Media,HipHop Tanzworkshop,Selbstverteidigung,Spiel & Spaß Olympiade
CODE006,Bloom it yourself - kreatives Nähen von Hand,Schauspiel,Social Media,JuHu – Challenge,Selbstverteidigung
CODE007,Bloom it yourself - kreatives Nähen von Hand,Ultimate Frisbee,Mini Quiz-Show,HipHop Tanzworkshop,Graffiti
CODE008,Schauspiel,Social Media,Mini Quiz-Show,Graffiti,JuHu – Challenge
CODE009,Selbstverteidigung,Spiel & Spaß Olympiade,Spoken Word,Bloom it yourself - kreatives Nähen von Hand,Social Media
CODE010,Spiel & Spaß Olympiade,Social Media,Batiken,JuHu – Challenge,Ultimate Frisbee
CODE011,JuHu – Challenge,Schauspiel,Selbstverteidigung,Spoken Word,Gefühlchaos und Handlungskompetenzen
CODE012,Social Media,Graffiti,Spoken Word,Mini Quiz-Show,Ultimate Frisbee
CODE013,Social Media,Schauspiel,HipHop Tanzworkshop,Gefühlchaos und Handlungskompetenzen,Graffiti
CODE014,Spiel & Spaß Olympiade,Batiken,Bloom it yourself - kreatives Nähen von Hand,Mini Quiz-Show,Social Media
CODE015,Spoken Word,JuHu – Challenge,HipHop Tanzworkshop,Ultimate Frisbee,Schauspiel
CODE016,Spiel & Spaß Olympiade,Selbstverteidigung,HipHop Tanzworkshop,Social Media,Mini Quiz-Show
CODE017,HipHop Tanzworkshop,Ultimate Frisbee,Bloom it yourself - kreatives Nähen von Hand,Batiken,Selbstverteidigung
CODE018,Batiken,Social Media,Mini Quiz-Show,Graffiti,Bloom it yourself - kreatives Nähen von Hand
CODE019,Schauspiel,Bloom it yourself - kreatives Nähen von Hand,Social Media,JuHu – Challenge,Mini Quiz-Show
CODE020,Batiken,Mini Quiz-Show,Gefühlchaos und Handlungskompetenzen,Schauspiel,JuHu – Challenge
CODE021,Schauspiel,Selbstverteidigung,Mini Quiz-Show,Batiken,JuHu – Challenge
CODE022,Batiken,Spoken Word,HipHop Tanzworkshop,Social Media,Selbstverteidigung
CODE023,Social Media,Spiel & Spaß Olympiade,Graffiti,JuHu – Challenge,Bloom it yourself - kreatives Nähen von Hand
CODE024,HipHop Tanzworkshop,Spiel & Spaß Olympiade,Ultimate Frisbee,Graffiti,JuHu – Challenge
CODE025,Schauspiel,HipHop Tanzworkshop,Selbstverteidigung,Ultimate Frisbee,Gefühlchaos und Handlungskompetenzen
CODE026,Bloom it yourself - kreatives Nähen von Hand,Selbstverteidigung,Schauspiel,Spoken Word,JuHu – Challenge
CODE027,Selbstverteidigung,Spiel & Spaß Olympiade,Ultimate Frisbee,Spoken Word,Batiken
CODE028,Selbstverteidigung,Spiel & Spaß Olympiade,Batiken,Social Media,Bloom it yourself - kreatives Nähen von Hand
CODE029,Social Media,Mini Quiz-Show,Spiel & Spaß Olympiade,Selbstverteidigung,Spoken Word
CODE030,Spoken Word,Bloom it yourself - kreatives Nähen von Hand,Batiken,Mini Quiz-Show,JuHu – Challenge
CODE031,Gefühlchaos und Handlungskompetenzen,Mini Quiz-Show,Ultimate Frisbee,Selbstverteidigung,Graffiti
CODE032,Spiel & Spaß Olympiade,Bloom it yourself - kreatives Nähen von Hand,Gefühlchaos und Handlungskompetenzen,Graffiti,Selbstverteidigung
CODE033,Spiel & Spaß Olympiade,JuHu – Challenge,Social Media,Gefühlchaos und Handlungskompetenzen,Graffiti
CODE034,Gefühlchaos und Handlungskompetenzen,Mini Quiz-Show,Selbstverteidigung,JuHu – Challenge,Batiken
CODE035,Gefühlchaos und Handlungskompetenzen,Selbstverteidigung,Social Media,Bloom it yourself - kreatives Nähen von Hand,HipHop Tanzworkshop
CODE036,Batiken,Spoken Word,Selbstverteidigung,Social Media,Spiel & Spaß Olympiade
CODE037,Social Media,Ultimate Frisbee,Spiel & Spaß Olympiade,Graffiti,Selbstverteidigung
CODE038,Mini Quiz-Show,Schauspiel,Ultimate Frisbee,Spoken Word,Graffiti
CODE039,Spoken Word,HipHop Tanzworkshop,Ultimate Frisbee,Schauspiel,JuHu – Challenge
CODE040,Spoken Word,HipHop Tanzworkshop,Spiel & Spaß Olympiade,Selbstverteidigung,JuHu – Challenge
CODE041,Mini Quiz-Show,HipHop Tanzworkshop,Schauspiel,Selbstverteidigung,Bloom it yourself - kreatives Nähen von Hand
CODE042,Ultimate Frisbee,JuHu – Challenge,HipHop Tanzworkshop,Spoken Word,Graffiti
CODE043,Gefühlchaos und Handlungskompetenzen,Spoken Word,HipHop Tanzworkshop,Spiel & Spaß Olympiade,Graffiti
CODE044,Graffiti,JuHu – Challenge,Mini Quiz-Show,HipHop Tanzworkshop,Bloom it yourself - kreatives Nähen von Hand
CODE045,Gefühlchaos und Handlungskompetenzen,HipHop Tanzworkshop,Selbstverteidigung,Mini Quiz-Show,Spiel & Spaß Olympiade
CODE046,Batiken,Graffiti,Spiel & Spaß Olympiade,Bloom it yourself - kreatives Nähen von Hand,Gefühlchaos und Handlungskompetenzen
CODE047,Bloom it yourself - kreatives Nähen von Hand,Batiken,Mini Quiz-Show,Social Media,Ultimate Frisbee
CODE048,Graffiti,JuHu – Challenge,Batiken,Spiel & Spaß Olympiade,Selbstverteidigung
CODE049,Selbstverteidigung,Spiel & Spaß Olympiade,Ultimate Frisbee,Gefühlchaos und Handlungskompetenzen,Schauspiel
CODE050,Spiel & Spaß Olympiade,Social Media,Batiken,Schauspiel,Ultimate Frisbee
CODE051,Bloom it yourself - kreatives Nähen von Hand,Ultimate Frisbee,Batiken,Selbstverteidigung,HipHop Tanzworkshop
CODE052,Social Media,JuHu – Challenge,Ultimate Frisbee,Schauspiel,Graffiti
CODE053,Spoken Word,Spiel & Spaß Olympiade,JuHu – Challenge,Mini Quiz-Show,Gefühlchaos und Handlungskompetenzen
CODE054,JuHu – Challenge,Bloom it yourself - kreatives Nähen von Hand,Batiken,Spoken Word,Ultimate Frisbee
CODE055,JuHu – Challenge,Schauspiel,Bloom it yourself - kreatives Nähen von Hand,Ultimate Frisbee,Spoken Word
CODE056,Gefühlchaos und Handlungskompetenzen,Social Media,Schauspiel,Selbstverteidigung,Spiel & Spaß Olympiade
CODE057,Schauspiel,Spoken Word,Graffiti,Selbstverteidigung,Gefühlchaos und Handlungskompetenzen
CODE058,Mini Quiz-Show,Graffiti,Gefühlchaos und Handlungskompetenzen,Bloom it yourself - kreatives Nähen von Hand,Ultimate Frisbee
CODE059,Selbstverteidigung,Graffiti,HipHop Tanzworkshop,Ultimate Frisbee,Bloom it yourself - kreatives Nähen von Hand
CODE060,Graffiti,JuHu – Challenge,Mini Quiz-Show,Social Media,Gefühlchaos und Handlungskompetenzen
CODE061,Mini Quiz-Show,Gefühlchaos und Handlungskompetenzen,Batiken,Graffiti,Schauspiel
CODE062,Graffiti,Selbstverteidigung,Social Media,HipHop Tanzworkshop,JuHu – Challenge
CODE063,Batiken,Ultimate Frisbee,Gefühlchaos und Handlungskompetenzen,Bloom it yourself - kreatives Nähen von Hand,Selbstverteidigung
CODE064,Graffiti,Gefühlchaos und Handlungskompetenzen,Batiken,Mini Quiz-Show,Bloom it yourself - kreatives Nähen von Hand
CODE065,Spoken Word,Schauspiel,HipHop Tanzworkshop,Ultimate Frisbee,Mini Quiz-Show
CODE066,Batiken,Social Media,Schauspiel,Spiel & Spaß Olympiade,HipHop Tanzworkshop
CODE067,Spiel & Spaß Olympiade,JuHu – Challenge,Selbstverteidigung,Schauspiel,Bloom it yourself - kreatives Nähen von Hand
CODE068,Graffiti,Social Media,JuHu – Challenge,Ultimate Frisbee,Schauspiel
CODE069,Mini Quiz-Show,Spiel & Spaß Olympiade,Gefühlchaos und Handlungskompetenzen,Graffiti,Selbstverteidigung
CODE070,Spoken Word,HipHop Tanzworkshop,Batiken,JuHu – Challenge,Graffiti
CODE071,Spoken Word,Social Media,JuHu – Challenge,HipHop Tanzworkshop,Ultimate Frisbee
CODE072,Bloom it yourself - kreatives Nähen von Hand,Mini Quiz-Show,Social Media,JuHu – Challenge,Selbstverteidigung
CODE073,Selbstverteidigung,Spoken Word,Graffiti,Gefühlchaos und Handlungskompetenzen,Social Media
CODE074,Social Media,Selbstverteidigung,Bloom it yourself - kreatives Nähen von Hand,HipHop Tanzworkshop,Spoken Word
CODE075,Spiel & Spaß Olympiade,HipHop Tanzworkshop,Gefühlchaos und Handlungskompetenzen,Mini Quiz-Show,Social Media
CODE076,HipHop Tanzworkshop,Schauspiel,Ultimate Frisbee,Spoken Word,Social Media
CODE077,Ultimate Frisbee,Gefühlchaos und Handlungskompetenzen,Spiel & Spaß Olympiade,Selbstverteidigung,Mini Quiz-Show
CODE078,Selbstverteidigung,HipHop Tanzworkshop,Ultimate Frisbee,Bloom it yourself - kreatives Nähen von Hand,Mini Quiz-Show
CODE079,HipHop Tanzworkshop,Mini Quiz-Show,Graffiti,Schauspiel,Bloom it yourself - kreatives Nähen von Hand
CODE080,Gefühlchaos und Handlungskompetenzen,Graffiti,Spoken Word,Batiken,Bloom it yourself - kreatives Nähen von Hand
CODE081,Batiken,HipHop Tanzworkshop,Mini Quiz-Show,Schauspiel,Selbstverteidigung
CODE082,Gefühlchaos und Handlungskompetenzen,JuHu – Challenge,HipHop Tanzworkshop,Bloom it yourself - kreatives Nähen von Hand,Graffiti
CODE083,Batiken,Selbstverteidigung,Bloom it yourself - kreatives Nähen von Hand,Social Media,Ultimate Frisbee
CODE084,Spiel & Spaß Olympiade,Spoken Word,Schauspiel,HipHop Tanzworkshop,Ultimate Frisbee
CODE085,JuHu – Challenge,Spoken Word,Batiken,Gefühlchaos und Handlungskompetenzen,Graffiti
CODE086,Bloom it yourself - kreatives Nähen von Hand,Schauspiel,Gefühlchaos und Handlungskompetenzen,Selbstverteidigung,Social Media
CODE087,Gefühlchaos und Handlungskompetenzen,Selbstverteidigung,Bloom it yourself - kreatives Nähen von Hand,Ultimate Frisbee,Mini Quiz-Show
CODE088,Gefühlchaos und Handlungskompetenzen,Ultimate Frisbee,Batiken,Spiel & Spaß Olympiade,Bloom it yourself - kreatives Nähen von Hand
CODE089,Mini Quiz-Show,Spiel & Spaß Olympiade,Selbstverteidigung,Gefühlchaos und Handlungskompetenzen,Spoken Word
CODE090,Spoken Word,Ultimate Frisbee,Schauspiel,Selbstverteidigung,Mini Quiz-Show
CODE091,Batiken,Graffiti,Gefühlchaos und Handlungskompetenzen,Schauspiel,Bloom it yourself - kreatives Nähen von Hand
CODE092,Spiel & Spaß Olympiade,Mini Quiz-Show,Bloom it yourself - kreatives Nähen von Hand,JuHu – Challenge,Ultimate Frisbee
CODE093,Spiel & Spaß Olympiade,Schauspiel,Batiken,Ultimate Frisbee,Mini Quiz-Show
CODE094,Social Media,Selbstverteidigung,Bloom it yourself - kreatives Nähen von Hand,HipHop Tanzworkshop,JuHu – Challenge
CODE095,Bloom it yourself - kreatives Nähen von Hand,Gefühlchaos und Handlungskompetenzen,Schauspiel,Spiel & Spaß Olympiade,Selbstverteidigung
CODE096,Spiel & Spaß Olympiade,Ultimate Frisbee,Social Media,Batiken,Mini Quiz-Show
CODE097,Batiken,HipHop Tanzworkshop,Ultimate Frisbee,JuHu – Challenge,Spiel & Spaß Olympiade
CODE098,Bloom it yourself - kreatives Nähen von Hand,JuHu – Challenge,Selbstverteidigung,Batiken,Social Media
CODE099,HipHop Tanzworkshop,Mini Quiz-Show,Bloom it yourself - kreatives Nähen von Hand,Gefühlchaos und Handlungskompetenzen,JuHu – Challenge
CODE100,Batiken,Bloom it yourself - kreatives Nähen von Hand,Spoken Word,JuHu – Challenge,Ultimate Frisbee
CODE101,Social Media,Selbstverteidigung,Ultimate Frisbee,HipHop Tanzworkshop,JuHu – Challenge
CODE102,Gefühlchaos und Handlungskompetenzen,Mini Quiz-Show,Graffiti,Spoken Word,Ultimate Frisbee
CODE103,Graffiti,Spiel & Spaß Olympiade,Bloom it yourself - kreatives Nähen von Hand,Spoken Word,Selbstverteidigung
CODE104,Batiken,Gefühlchaos und Handlungskompetenzen,Selbstverteidigung,Ultimate Frisbee,Graffiti
CODE105,Spoken Word,Batiken,JuHu – Challenge,Schauspiel,Social Media
CODE106,Schauspiel,HipHop Tanzworkshop,Selbstverteidigung,Social Media,Mini Quiz-Show
CODE107,Gefühlchaos und Handlungskompetenzen,Graffiti,Selbstverteidigung,Spoken Word,Spiel & Spaß Olympiade
CODE108,Mini Quiz-Show,HipHop Tanzworkshop,Ultimate Frisbee,Spoken Word,JuHu – Challenge
CODE109,Bloom it yourself - kreatives Nähen von Hand,Spoken Word,Gefühlchaos und Handlungskompetenzen,Ultimate Frisbee,Selbstverteidigung
CODE110,JuHu – Challenge,Ultimate Frisbee,Schauspiel,Mini Quiz-Show,Batiken
CODE111,Ultimate Frisbee,Gefühlchaos und Handlungskompetenzen,Social Media,Spoken Word,Mini Quiz-Show
CODE112,Spoken Word,Schauspiel,Ultimate Frisbee,Selbstverteidigung,Mini Quiz-Show
CODE113,Selbstverteidigung,Gefühlchaos und Handlungskompetenzen,JuHu – Challenge,Social Media,Graffiti
CODE114,Spoken Word,HipHop Tanzworkshop,Bloom it yourself - kreatives Nähen von Hand,JuHu – Challenge,Schauspiel
CODE115,Mini Quiz-Show,Schauspiel,JuHu – Challenge,Spoken Word,Batiken
CODE116,Graffiti,HipHop Tanzworkshop,Batiken,Spoken Word,Selbstverteidigung
CODE117,Spoken Word,Graffiti,HipHop Tanzworkshop,Mini Quiz-Show,Social Media
CODE118,JuHu – Challenge,Graffiti,Selbstverteidigung,Bloom it yourself - kreatives Nähen von Hand,Spiel & Spaß Olympiade
CODE119,Selbstverteidigung,Gefühlchaos und Handlungskompetenzen,Spoken Word,Batiken,HipHop Tanzworkshop
CODE120,Schauspiel,JuHu – Challenge,HipHop Tanzworkshop,Batiken,Mini Quiz-Show
CODE121,Social Media,Graffiti,Bloom it yourself - kreatives Nähen von Hand,Spoken Word,Gefühlchaos und Handlungskompetenzen
CODE122,Social Media,JuHu – Challenge,Spoken Word,Bloom it yourself - kreatives Nähen von Hand,Graffiti
CODE123,Spiel & Spaß Olympiade,Mini Quiz-Show,Selbstverteidigung,Bloom it yourself - kreatives Nähen von Hand,Graffiti
CODE124,Selbstverteidigung,Graffiti,Mini Quiz-Show,Batiken,Ultimate Frisbee
CODE125,JuHu – Challenge,Social Media,Gefühlchaos und Handlungskompetenzen,Mini Quiz-Show,Schauspiel
CODE126,Spoken Word,Social Media,HipHop Tanzworkshop,Bloom it yourself - kreatives Nähen von Hand,Batiken
CODE127,Spoken Word,Ultimate Frisbee,Mini Quiz-Show,JuHu – Challenge,Bloom it yourself - kreatives Nähen von Hand
CODE128,Gefühlchaos und Handlungskompetenzen,Batiken,Mini Quiz-Show,HipHop Tanzworkshop,Schauspiel
CODE129,HipHop Tanzworkshop,Bloom it yourself - kreatives Nähen von Hand,Schauspiel,Graffiti,Spiel & Spaß Olympiade
CODE130,Graffiti,Bloom it yourself - kreatives Nähen von Hand,HipHop Tanzworkshop,JuHu – Challenge,Spiel & Spaß Olympiade
CODE131,Social Media,Ultimate Frisbee,Schauspiel,Mini Quiz-Show,Batiken
CODE132,HipHop Tanzworkshop,Selbstverteidigung,Spoken Word,Social Media,Mini Quiz-Show
CODE133,JuHu – Challenge,Spoken Word,Gefühlchaos und Handlungskompetenzen,Social Media,Selbstverteidigung
CODE134,Ultimate Frisbee,Selbstverteidigung,Spoken Word,Bloom it yourself - kreatives Nähen von Hand,Spiel & Spaß Olympiade
CODE135,Graffiti,Schauspiel,Batiken,Social Media,HipHop Tanzworkshop
CODE136,Selbstverteidigung,Ultimate Frisbee,Schauspiel,Graffiti,Bloom it yourself - kreatives Nähen von Hand
CODE137,Mini Quiz-Show,Social Media,HipHop Tanzworkshop,JuHu – Challenge,Schauspiel
CODE138,Schauspiel,JuHu – Challenge,Ultimate Frisbee,Mini Quiz-Show,Batiken
CODE139,JuHu – Challenge,Selbstverteidigung,HipHop Tanzworkshop,Ultimate Frisbee,Mini Quiz-Show
CODE140,Social Media,Schauspiel,JuHu – Challenge,Graffiti,Gefühlchaos und Handlungskompetenzen
CODE141,Bloom it yourself - kreatives Nähen von Hand,Ultimate Frisbee,Batiken,Spoken Word,Graffiti
CODE142,Spiel & Spaß Olympiade,JuHu – Challenge,Schauspiel,HipHop Tanzworkshop,Spoken Word
CODE143,Gefühlchaos und Handlungskompetenzen,Graffiti,Mini Quiz-Show,Spiel & Spaß Olympiade,HipHop Tanzworkshop
CODE144,Spiel & Spaß Olympiade,Schauspiel,Ultimate Frisbee,JuHu – Challenge,Bloom it yourself - kreatives Nähen von Hand
CODE145,Batiken,Social Media,Mini Quiz-Show,Bloom it yourself - kreatives Nähen von Hand,Spoken Word
CODE146,Bloom it yourself - kreatives Nähen von Hand,Spiel & Spaß Olympiade,Schauspiel,Ultimate Frisbee,Gefühlchaos und Handlungskompetenzen
CODE147,Bloom it yourself - kreatives Nähen von Hand,Spoken Word,Schauspiel,Graffiti,Mini Quiz-Show
CODE148,Spoken Word,HipHop Tanzworkshop,JuHu – Challenge,Gefühlchaos und Handlungskompetenzen,Graffiti
CODE149,Gefühlchaos und Handlungskompetenzen,Selbstverteidigung,Social Media,Graffiti,Spoken Word
CODE150,HipHop Tanzworkshop,Gefühlchaos und Handlungskompetenzen,Spiel & Spaß Olympiade,JuHu – Challenge,Spoken Word
CODE151,Gefühlchaos und Handlungskompetenzen,HipHop Tanzworkshop,Batiken,Mini Quiz-Show,Schauspiel
CODE152,Selbstverteidigung,Bloom it yourself - kreatives Nähen von Hand,Mini Quiz-Show,Spoken Word,Batiken
CODE153,Batiken,Spoken Word,HipHop Tanzworkshop,Ultimate Frisbee,Selbstverteidigung
CODE154,Ultimate Frisbee,Spoken Word,Schauspiel,HipHop Tanzworkshop,Spiel & Spaß Olympiade
CODE155,Mini Quiz-Show,Spoken Word,Spiel & Spaß Olympiade,Graffiti,JuHu – Challenge
CODE156,Social Media,Bloom it yourself - kreatives Nähen von Hand,Batiken,HipHop Tanzworkshop,Ultimate Frisbee
CODE157,Schauspiel,Spoken Word,Graffiti,Gefühlchaos und Handlungskompetenzen,JuHu – Challenge
CODE158,Social Media,Graffiti,Spiel & Spaß Olympiade,Bloom it yourself - kreatives Nähen von Hand,JuHu – Challenge
CODE159,Ultimate Frisbee,Schauspiel,Spiel & Spaß Olympiade,Graffiti,Batiken
CODE160,Ultimate Frisbee,Spiel & Spaß Olympiade,Batiken,Graffiti,Gefühlchaos und Handlungskompetenzen
CODE161,Spiel & Spaß Olympiade,Spoken Word,Schauspiel,Gefühlchaos und Handlungskompetenzen,Batiken
CODE162,Graffiti,Gefühlchaos und Handlungskompetenzen,Bloom it yourself - kreatives Nähen von Hand,Ultimate Frisbee,Selbstverteidigung
CODE163,Batiken,Mini Quiz-Show,Social Media,Graffiti,Spoken Word
CODE164,Batiken,Schauspiel,Mini Quiz-Show,Bloom it yourself - kreatives Nähen von Hand,Graffiti
CODE165,Spoken Word,Ultimate Frisbee,Spiel & Spaß Olympiade,HipHop Tanzworkshop,Graffiti
CODE166,Ultimate Frisbee,Batiken,Graffiti,Bloom it yourself - kreatives Nähen von Hand,Schauspiel
CODE167,Social Media,Spiel & Spaß Olympiade,Selbstverteidigung,Batiken,HipHop Tanzworkshop
CODE168,Spiel & Spaß Olympiade,Graffiti,Selbstverteidigung,Gefühlchaos und Handlungskompetenzen,Bloom it yourself - kreatives Nähen von Hand
CODE169,Schauspiel,HipHop Tanzworkshop,Gefühlchaos und Handlungskompetenzen,Mini Quiz-Show,Batiken
CODE170,Mini Quiz-Show,Bloom it yourself - kreatives Nähen von Hand,Spiel & Spaß Olympiade,Selbstverteidigung,Gefühlchaos und Handlungskompetenzen
CODE171,Bloom it yourself - kreatives Nähen von Hand,Gefühlchaos und Handlungskompetenzen,Selbstverteidigung,Schauspiel,Mini Quiz-Show
CODE172,Mini Quiz-Show,Spiel & Spaß Olympiade,Ultimate Frisbee,Batiken,Social Media
CODE173,Spoken Word,HipHop Tanzworkshop,Mini Quiz-Show,Graffiti,Social Media
CODE174,Ultimate Frisbee,Spiel & Spaß Olympiade,Gefühlchaos und Handlungskompetenzen,Batiken,Graffiti
CODE175,Spoken Word,Schauspiel,Social Media,Selbstverteidigung,Batiken
CODE176,Batiken,Mini Quiz-Show,Spiel & Spaß Olympiade,Social Media,JuHu – Challenge
CODE177,Bloom it yourself - kreatives Nähen von Hand,Ultimate Frisbee,Spoken Word,Social Media,Selbstverteidigung
CODE178,HipHop Tanzworkshop,Spoken Word,Spiel & Spaß Olympiade,Graffiti,Selbstverteidigung
CODE179,HipHop Tanzworkshop,Bloom it yourself - kreatives Nähen von Hand,Mini Quiz-Show,Graffiti,Spoken Word
CODE180,HipHop Tanzworkshop,Spoken Word,Mini Quiz-Show,Gefühlchaos und Handlungskompetenzen,Ultimate Frisbee
CODE181,Schauspiel,Mini Quiz-Show,Bloom it yourself - kreatives Nähen von Hand,Gefühlchaos und Handlungskompetenzen,Ultimate Frisbee
CODE182,Social Media,JuHu – Challenge,HipHop Tanzworkshop,Mini Quiz-Show,Batiken
CODE183,Spoken Word,Mini Quiz-Show,Bloom it yourself - kreatives Nähen von Hand,Graffiti,Ultimate Frisbee
CODE184,Spiel & Spaß Olympiade,JuHu – Challenge,Batiken,Spoken Word,Ultimate Frisbee
CODE185,Spoken Word,Schauspiel,Spiel & Spaß Olympiade,JuHu – Challenge,Ultimate Frisbee
CODE186,Batiken,Gefühlchaos und Handlungskompetenzen,Selbstverteidigung,Graffiti,Social Media
CODE187,Mini Quiz-Show,Ultimate Frisbee,Bloom it yourself - kreatives Nähen von Hand,JuHu – Challenge,Graffiti
CODE188,Schauspiel,Social Media,Selbstverteidigung,Bloom it yourself - kreatives Nähen von Hand,JuHu – Challenge
CODE189,Bloom it yourself - kreatives Nähen von Hand,Batiken,Mini Quiz-Show,Spoken Word,Social Media
CODE190,Schauspiel,Spoken Word,Mini Quiz-Show,Bloom it yourself - kreatives Nähen von Hand,Graffiti
CODE191,Batiken,Mini Quiz-Show,Spoken Word,Spiel & Spaß Olympiade,Selbstverteidigung
CODE192,HipHop Tanzworkshop,JuHu – Challenge,Graffiti,Social Media,Bloom it yourself - kreatives Nähen von Hand
CODE193,Bloom it yourself - kreatives Nähen von Hand,Gefühlchaos und Handlungskompetenzen,Graffiti,Ultimate Frisbee,Schauspiel
CODE194,Graffiti,Schauspiel,Selbstverteidigung,Gefühlchaos und Handlungskompetenzen,Ultimate Frisbee
CODE195,Bloom it yourself - kreatives Nähen von Hand,Social Media,JuHu – Challenge,Spiel & Spaß Olympiade,HipHop Tanzworkshop
CODE196,JuHu – Challenge,Spoken Word,Batiken,Gefühlchaos und Handlungskompetenzen,Graffiti
CODE197,JuHu – Challenge,Spoken Word,Batiken,HipHop Tanzworkshop,Bloom it yourself - kreatives Nähen von Hand
CODE198,Spiel & Spaß Olympiade,Selbstverteidigung,Mini Quiz-Show,Social Media,HipHop Tanzworkshop
CODE199,HipHop Tanzworkshop,Bloom it yourself - kreatives Nähen von Hand,Spiel & Spaß Olympiade,Gefühlchaos und Handlungskompetenzen,Social Media
CODE200,Gefühlchaos und Handlungskompetenzen,Ultimate Frisbee,Spiel & Spaß Olympiade,JuHu – Challenge,Schauspiel
CODE201,JuHu – Challenge,Ultimate Frisbee,Mini Quiz-Show,Graffiti,Social Media
CODE202,Selbstverteidigung,Spoken Word,Mini Quiz-Show,Bloom it yourself - kreatives Nähen von Hand,HipHop Tanzworkshop
CODE203,Bloom it yourself - kreatives Nähen von Hand,Spiel & Spaß Olympiade,Ultimate Frisbee,Mini Quiz-Show,JuHu – Challenge
CODE204,Mini Quiz-Show,Batiken,HipHop Tanzworkshop,Social Media,Schauspiel
CODE205,JuHu – Challenge,Gefühlchaos und Handlungskompetenzen,Mini Quiz-Show,Schauspiel,Spoken Word
CODE206,Mini Quiz-Show,Spiel & Spaß Olympiade,Spoken Word,Ultimate Frisbee,Bloom it yourself - kreatives Nähen von Hand
CODE207,Ultimate Frisbee,Bloom it yourself - kreatives Nähen von Hand,Social Media,Graffiti,Gefühlchaos und Handlungskompetenzen
CODE208,Bloom it yourself - kreatives Nähen von Hand,Ultimate Frisbee,Social Media,Selbstverteidigung,Spiel & Spaß Olympiade
CODE209,Mini Quiz-Show,Schauspiel,Selbstverteidigung,JuHu – Challenge,HipHop Tanzworkshop
CODE210,JuHu – Challenge,Schauspiel,HipHop Tanzworkshop,Bloom it yourself - kreatives Nähen von Hand,Spoken Word
CODE211,JuHu – Challenge,Spiel & Spaß Olympiade,Bloom it yourself - kreatives Nähen von Hand,Gefühlchaos und Handlungskompetenzen,Schauspiel
CODE212,Schauspiel,Mini Quiz-Show,HipHop Tanzworkshop,Social Media,Graffiti
CODE213,Spiel & Spaß Olympiade,Ultimate Frisbee,HipHop Tanzworkshop,Schauspiel,Bloom it yourself - kreatives Nähen von Hand
CODE214,HipHop Tanzworkshop,Batiken,JuHu – Challenge,Gefühlchaos und Handlungskompetenzen,Social Media
CODE215,Gefühlchaos und Handlungskompetenzen,Spoken Word,Bloom it yourself - kreatives Nähen von Hand,Selbstverteidigung,Ultimate Frisbee
CODE216,JuHu – Challenge,Spoken Word,Spiel & Spaß Olympiade,Mini Quiz-Show,HipHop Tanzworkshop
CODE217,JuHu – Challenge,Bloom it yourself - kreatives Nähen von Hand,Gefühlchaos und Handlungskompetenzen,Spoken Word,Schauspiel
CODE218,Spiel & Spaß Olympiade,Ultimate Frisbee,Mini Quiz-Show,Batiken,Graffiti
CODE219,Spoken Word,Selbstverteidigung,Gefühlchaos und Handlungskompetenzen,JuHu – Challenge,Mini Quiz-Show
CODE220,Bloom it yourself - kreatives Nähen von Hand,Batiken,Social Media,Selbstverteidigung,JuHu – Challenge
CODE221,Ultimate Frisbee,HipHop Tanzworkshop,Mini Quiz-Show,Spoken Word,Spiel & Spaß Olympiade
CODE222,Schauspiel,Spoken Word,Bloom it yourself - kreatives Nähen von Hand,JuHu – Challenge,Mini Quiz-Show
CODE223,JuHu – Challenge,Gefühlchaos und Handlungskompetenzen,Graffiti,Social Media,Batiken
CODE224,Bloom it yourself - kreatives Nähen von Hand,Ultimate Frisbee,Graffiti,Social Media,Schauspiel
CODE225,Graffiti,Selbstverteidigung,Social Media,Spoken Word,Spiel & Spaß Olympiade
CODE226,Gefühlchaos und Handlungskompetenzen,Schauspiel,JuHu – Challenge,Bloom it yourself - kreatives Nähen von Hand,HipHop Tanzworkshop
CODE227,Spoken Word,Gefühlchaos und Handlungskompetenzen,Graffiti,Batiken,Ultimate Frisbee
CODE228,Spoken Word,Spiel & Spaß Olympiade,Selbstverteidigung,Mini Quiz-Show,Graffiti
CODE229,Gefühlchaos und Handlungskompetenzen,JuHu – Challenge,Spoken Word,Selbstverteidigung,Schauspiel
CODE230,JuHu – Challenge,Mini Quiz-Show,Spoken Word,Gefühlchaos und Handlungskompetenzen,Graffiti
CODE231,Social Media,HipHop Tanzworkshop,Mini Quiz-Show,JuHu – Challenge,Spiel & Spaß Olympiade
CODE232,JuHu – Challenge,Ultimate Frisbee,Bloom it yourself - kreatives Nähen von Hand,Social Media,Spiel & Spaß Olympiade
CODE233,Ultimate Frisbee,Social Media,Mini Quiz-Show,Spoken Word,Spiel & Spaß Olympiade
CODE234,Batiken,Bloom it yourself - kreatives Nähen von Hand,Ultimate Frisbee,HipHop Tanzworkshop,Mini Quiz-Show
CODE235,Spiel & Spaß Olympiade,Social Media,Bloom it yourself - kreatives Nähen von Hand,Graffiti,Gefühlchaos und Handlungskompetenzen
CODE236,Bloom it yourself - kreatives Nähen von Hand,Spoken Word,Mini Quiz-Show,Social Media,Schauspiel
CODE237,Schauspiel,JuHu – Challenge,Mini Quiz-Show,Selbstverteidigung,HipHop Tanzworkshop
CODE238,HipHop Tanzworkshop,Gefühlchaos und Handlungskompetenzen,Batiken,Ultimate Frisbee,Mini Quiz-Show
CODE239,Mini Quiz-Show,JuHu – Challenge,Selbstverteidigung,Spiel & Spaß Olympiade,Social Media
CODE240,Spoken Word,Selbstverteidigung,Batiken,Social Media,Graffiti
CODE241,JuHu – Challenge,Schauspiel,HipHop Tanzworkshop,Graffiti,Gefühlchaos und Handlungskompetenzen
CODE242,Selbstverteidigung,Schauspiel,Gefühlchaos und Handlungskompetenzen,Spoken Word,Graffiti
CODE243,Spiel & Spaß Olympiade,Schauspiel,Social Media,Selbstverteidigung,HipHop Tanzworkshop
CODE244,Social Media,Schauspiel,Gefühlchaos und Handlungskompetenzen,Spoken Word,Mini Quiz-Show
CODE245,Batiken,HipHop Tanzworkshop,Schauspiel,Selbstverteidigung,Graffiti
CODE246,Spiel & Spaß Olympiade,Batiken,HipHop Tanzworkshop,Gefühlchaos und Handlungskompetenzen,Schauspiel
CODE247,JuHu – Challenge,Spoken Word,Bloom it yourself - kreatives Nähen von Hand,HipHop Tanzworkshop,Gefühlchaos und Handlungskompetenzen
CODE248,Batiken,Schauspiel,Social Media,Spiel & Spaß Olympiade,Graffiti
CODE249,Batiken,Spiel & Spaß Olympiade,Mini Quiz-Show,Graffiti,Ultimate Frisbee
CODE250,Ultimate Frisbee,Selbstverteidigung,Spoken Word,Schauspiel,Graffiti
